"","Year","Month","Day","Text","Count"
"1",2020,1,29,"chinese",64841
"2",2020,1,29,"coronavirus",45638
"3",2020,1,29,"asian",34381
"4",2020,1,29,"italian",24281
"5",2020,1,29,"americans",13116
"6",2020,2,29,"coronavirus",366794
"7",2020,2,29,"democrats",90790
"8",2020,2,29,"americans",67294
"9",2020,2,29,"chinese",46323
"10",2020,2,29,"american",32624
"11",2020,4,30,"covid-19",74781
"12",2020,4,30,"coronavirus",51009
"13",2020,4,30,"americans",29951
"14",2020,4,30,"covid19",17328
"15",2020,4,30,"chinese",16494
"16",2020,7,17,"covid-19",92036
"17",2020,7,17,"americans",52278
"18",2020,7,17,"coronavirus",48193
"19",2020,7,17,"ci",36370
"20",2020,7,17,"chinese",30551
"21",2020,7,31,"covid-19",89664
"22",2020,7,31,"coronavirus",69064
"23",2020,7,31,"americans",45242
"24",2020,7,31,"democrats",37613
"25",2020,7,31,"american",33110
"26",2020,8,7,"covid-19",57689
"27",2020,8,7,"americans",41508
"28",2020,8,7,"democrat",21615
"29",2020,8,7,"republicans",21159
"30",2020,8,7,"covid",19128
"31",2020,8,28,"americans",130251
"32",2020,8,28,"covid-19",92304
"33",2020,8,28,"republican convention",50386
"34",2020,8,28,"gop",28567
"35",2020,8,28,"jee",26237
"36",2020,8,29,"covid-19",70467
"37",2020,8,29,"americans",34877
"38",2020,8,29,"coronavirus",34293
"39",2020,8,29,"covid",25664
"40",2020,8,29,"black panther",21697
"41",2020,8,30,"covid-19",80809
"42",2020,8,30,"americans",68928
"43",2020,8,30,"coronavirus",52452
"44",2020,8,30,"covid",33375
"45",2020,8,30,"american",29293
"46",2020,8,31,"covid-19",76044
"47",2020,8,31,"americans",61292
"48",2020,8,31,"covid",53975
"49",2020,8,31,"coronavirus",46619
"50",2020,8,31,"american",33224
"51",2020,9,1,"covid-19",115009
"52",2020,9,1,"covid",98013
"53",2020,9,1,"americans",56481
"54",2020,9,1,"k-pop",45709
"55",2020,9,1,"koreans",37522
"56",2020,9,2,"americans",84620
"57",2020,9,2,"covid-19",82383
"58",2020,9,2,"covid",66876
"59",2020,9,2,"modi-made",31389
"60",2020,9,2,"american",31366
"61",2020,9,3,"covid-19",105816
"62",2020,9,3,"americans",67706
"63",2020,9,3,"covid",38647
"64",2020,9,3,"american",23712
"65",2020,9,3,"covid19",20445
"66",2020,9,4,"covid-19",77619
"67",2020,9,4,"americans",46687
"68",2020,9,4,"covid",39439
"69",2020,9,4,"spanish",21189
"70",2020,9,4,"labor day",21057
"71",2020,9,5,"labor day",66470
"72",2020,9,5,"covid-19",64600
"73",2020,9,5,"americans",45103
"74",2020,9,5,"covid",28224
"75",2020,9,5,"coronavirus",19167
"76",2020,9,6,"covid-19",46955
"77",2020,9,6,"labor day",38619
"78",2020,9,6,"americans",36078
"79",2020,9,6,"covid",26719
"80",2020,9,6,"covid19",16800
"81",2020,9,7,"covid-19",56022
"82",2020,9,7,"coronavirus",55995
"83",2020,9,7,"african",50146
"84",2020,9,7,"labor day",47042
"85",2020,9,7,"covid",35292
"86",2020,9,8,"covid-19",58936
"87",2020,9,8,"americans",35181
"88",2020,9,8,"american",33945
"89",2020,9,8,"coronavirus",32622
"90",2020,9,8,"covid19",27653
"91",2020,9,9,"covid-19",108650
"92",2020,9,9,"americans",83201
"93",2020,9,9,"american",61407
"94",2020,9,9,"coronavirus",37146
"95",2020,9,9,"covid",36489
"96",2020,9,10,"covid-19",147504
"97",2020,9,10,"americans",122512
"98",2020,9,10,"democrats",93076
"99",2020,9,10,"american",87460
"100",2020,9,10,"covid",59618
"101",2020,9,11,"covid-19",91191
"102",2020,9,11,"americans",74340
"103",2020,9,11,"american",54347
"104",2020,9,11,"democrats",44035
"105",2020,9,11,"covid",33033
"106",2020,9,12,"covid-19",85510
"107",2020,9,12,"americans",68434
"108",2020,9,12,"covid",37628
"109",2020,9,12,"chinese",30904
"110",2020,9,12,"american",26981
"111",2020,9,13,"covid-19",70351
"112",2020,9,13,"americans",58267
"113",2020,9,13,"covid",35633
"114",2020,9,13,"american",32178
"115",2020,9,13,"chinese",30434
"116",2020,9,14,"covid-19",79724
"117",2020,9,14,"americans",52311
"118",2020,9,14,"covid",26321
"119",2020,9,14,"american",22849
"120",2020,9,14,"chinese",21767
"121",2020,9,15,"covid-19",78694
"122",2020,9,15,"covid",52329
"123",2020,9,15,"americans",42629
"124",2020,9,15,"democrats",37249
"125",2020,9,15,"chinese",33420
"126",2020,9,16,"chinese",154265
"127",2020,9,16,"covid-19",97849
"128",2020,9,16,"americans",77464
"129",2020,9,16,"covid",41599
"130",2020,9,16,"coronavirus",34812
"131",2020,9,17,"covid-19",107952
"132",2020,9,17,"americans",87882
"133",2020,9,17,"chinese",58342
"134",2020,9,17,"democrats",56365
"135",2020,9,17,"american",53848
"136",2020,9,18,"covid-19",95321
"137",2020,9,18,"americans",69397
"138",2020,9,18,"covid",40769
"139",2020,9,18,"american",39094
"140",2020,9,18,"coronavirus",25847
"141",2020,9,19,"covid-19",50095
"142",2020,9,19,"americans",37610
"143",2020,9,19,"republicans",26438
"144",2020,9,19,"covid",23853
"145",2020,9,19,"coronavirus",19630
"146",2020,9,20,"covid-19",59600
"147",2020,9,20,"coronavirus",56658
"148",2020,9,20,"americans",53958
"149",2020,9,20,"covid",21542
"150",2020,9,20,"covid19",21425
"151",2020,9,21,"covid-19",83899
"152",2020,9,21,"americans",73170
"153",2020,9,21,"covid",49640
"154",2020,9,21,"gop",35224
"155",2020,9,21,"coronavirus",23849
"156",2020,9,22,"americans",132576
"157",2020,9,22,"covid-19",113405
"158",2020,9,22,"covid",40675
"159",2020,9,22,"republicans",40058
"160",2020,9,22,"american",35050
"161",2020,9,23,"covid-19",100315
"162",2020,9,23,"americans",59668
"163",2020,9,23,"coronavirus",35337
"164",2020,9,23,"gop",27695
"165",2020,9,23,"scotus",24059
"166",2020,9,24,"covid-19",97050
"167",2020,9,24,"coronavirus",43680
"168",2020,9,24,"americans",43414
"169",2020,9,24,"covid",30850
"170",2020,9,24,"covid19",17918
"171",2020,9,25,"covid-19",67977
"172",2020,9,25,"dynamite",39882
"173",2020,9,25,"americans",36995
"174",2020,9,25,"covid",34293
"175",2020,9,25,"coronavirus",21747
"176",2020,9,26,"covid-19",67119
"177",2020,9,26,"americans",51647
"178",2020,9,26,"covid",27620
"179",2020,9,26,"american",17750
"180",2020,9,26,"coronavirus",16598
"181",2020,9,27,"covid-19",63458
"182",2020,9,27,"americans",51760
"183",2020,9,27,"covid",25784
"184",2020,9,27,"american",24024
"185",2020,9,27,"covid19",14271
"186",2020,9,28,"covid-19",76551
"187",2020,9,28,"americans",33364
"188",2020,9,28,"covid",27777
"189",2020,9,28,"american",20767
"190",2020,9,28,"coronavirus",18120
"191",2020,9,29,"covid-19",87509
"192",2020,9,29,"americans",34695
"193",2020,9,29,"covid",30488
"194",2020,9,29,"coronavirus",27786
"195",2020,9,29,"covid19",23642
"196",2020,9,30,"covid-19",85682
"197",2020,9,30,"americans",58428
"198",2020,9,30,"american",35246
"199",2020,9,30,"covid",34279
"200",2020,9,30,"coronavirus",21959
"201",2020,10,1,"covid-19",87430
"202",2020,10,1,"covid",32873
"203",2020,10,1,"americans",32410
"204",2020,10,1,"republican",22081
"205",2020,10,1,"gop",18424
"206",2020,10,2,"covid-19",297364
"207",2020,10,2,"americans",111975
"208",2020,10,2,"coronavirus",80576
"209",2020,10,2,"covid",62867
"210",2020,10,2,"democrats",55774
"211",2020,10,3,"covid-19",277696
"212",2020,10,3,"republican",139153
"213",2020,10,3,"coronavirus",98248
"214",2020,10,3,"americans",85255
"215",2020,10,3,"republicans",80796
"216",2020,10,4,"covid-19",190951
"217",2020,10,4,"americans",94060
"218",2020,10,4,"chinese",88492
"219",2020,10,4,"gop",59230
"220",2020,10,4,"covid",56698
"221",2020,10,5,"covid-19",141872
"222",2020,10,5,"americans",111866
"223",2020,10,5,"covid",61809
"224",2020,10,5,"coronavirus",45823
"225",2020,10,5,"american",38211
"226",2020,10,6,"covid-19",168868
"227",2020,10,6,"americans",165388
"228",2020,10,6,"covid",93040
"229",2020,10,6,"coronavirus",57441
"230",2020,10,6,"democrats",48578
"231",2020,10,7,"covid-19",130648
"232",2020,10,7,"americans",107481
"233",2020,10,7,"covid",65910
"234",2020,10,7,"gop",39322
"235",2020,10,7,"american",37749
"236",2020,10,8,"covid-19",138269
"237",2020,10,8,"coronavirus",96108
"238",2020,10,8,"americans",77798
"239",2020,10,8,"american",73580
"240",2020,10,8,"hiv",60870
"241",2020,10,9,"covid-19",118949
"242",2020,10,9,"covid",59767
"243",2020,10,9,"americans",57555
"244",2020,10,9,"american",39220
"245",2020,10,9,"coronavirus",30735
"246",2020,10,10,"covid-19",132124
"247",2020,10,10,"americans",60306
"248",2020,10,10,"covid",47109
"249",2020,10,10,"coronavirus",33833
"250",2020,10,10,"american",30018
"251",2020,10,11,"covid-19",100552
"252",2020,10,11,"americans",66292
"253",2020,10,11,"covid",46959
"254",2020,10,11,"trump",36257
"255",2020,10,11,"republican national convention",30823
"256",2020,10,12,"covid-19",116902
"257",2020,10,12,"covid",70368
"258",2020,10,12,"americans",48405
"259",2020,10,12,"republicans",33380
"260",2020,10,12,"election day",29354
"261",2020,10,13,"covid-19",120293
"262",2020,10,13,"covid",94452
"263",2020,10,13,"americans",85415
"264",2020,10,13,"republicans",41956
"265",2020,10,13,"coronavirus",33628
"266",2020,10,14,"covid-19",116053
"267",2020,10,14,"americans",70392
"268",2020,10,14,"covid",51910
"269",2020,10,14,"coronavirus",25476
"270",2020,10,14,"covid19",23885
"271",2020,10,15,"covid-19",104285
"272",2020,10,15,"covid",60540
"273",2020,10,15,"americans",47531
"274",2020,10,15,"republicans",46105
"275",2020,10,15,"covid19",24636
"276",2020,10,16,"covid-19",82146
"277",2020,10,16,"covid",76831
"278",2020,10,16,"americans",69464
"279",2020,10,16,"american",42771
"280",2020,10,16,"republicans",32176
"281",2020,10,17,"covid-19",65610
"282",2020,10,17,"americans",64882
"283",2020,10,17,"covid",45436
"284",2020,10,17,"american",34182
"285",2020,10,17,"chinese",32835
"286",2020,10,18,"covid-19",69393
"287",2020,10,18,"americans",54413
"288",2020,10,18,"covid",31760
"289",2020,10,18,"republicans",23491
"290",2020,10,18,"covid19",18904
"291",2020,10,19,"covid-19",74766
"292",2020,10,19,"americans",57029
"293",2020,10,19,"covid",32191
"294",2020,10,19,"covid19",21895
"295",2020,10,19,"american",20483
"296",2020,10,20,"americans",81811
"297",2020,10,20,"covid-19",73102
"298",2020,10,20,"nigerians",39120
"299",2020,10,20,"covid",37705
"300",2020,10,20,"republicans",34108
"301",2020,10,21,"covid-19",83563
"302",2020,10,21,"covid",51190
"303",2020,10,21,"americans",50340
"304",2020,10,21,"democrats",38798
"305",2020,10,21,"american",33364
"306",2020,10,22,"covid-19",107902
"307",2020,10,22,"nigerians",51008
"308",2020,10,22,"covid19",50404
"309",2020,10,22,"americans",45931
"310",2020,10,22,"covid",33890
"311",2020,10,23,"covid-19",76306
"312",2020,10,23,"americans",68794
"313",2020,10,23,"american",38404
"314",2020,10,23,"covid19",33574
"315",2020,10,23,"covid",32737
"316",2020,10,24,"covid-19",78744
"317",2020,10,24,"americans",51192
"318",2020,10,24,"covid",33395
"319",2020,10,24,"covid19",30024
"320",2020,10,24,"coronavirus",20707
"321",2020,10,25,"covid-19",105429
"322",2020,10,25,"americans",48437
"323",2020,10,25,"covid19",36321
"324",2020,10,25,"coronavirus",33853
"325",2020,10,25,"covid",32462
"326",2020,10,26,"covid-19",106056
"327",2020,10,26,"americans",70951
"328",2020,10,26,"american",39626
"329",2020,10,26,"covid",31118
"330",2020,10,26,"republicans",19496
"331",2020,10,27,"republicans",76316
"332",2020,10,27,"covid-19",75817
"333",2020,10,27,"americans",71457
"334",2020,10,27,"covid",39834
"335",2020,10,27,"republican",38818
"336",2020,10,28,"covid-19",85743
"337",2020,10,28,"americans",41947
"338",2020,10,28,"covid",40569
"339",2020,10,28,"suprem",24111
"340",2020,10,28,"republicans",21304
"341",2020,10,29,"covid-19",84805
"342",2020,10,29,"americans",41471
"343",2020,10,29,"republicans",39430
"344",2020,10,29,"covid",31195
"345",2020,10,29,"covid19",22650
"346",2020,10,30,"covid-19",96518
"347",2020,10,30,"americans",80224
"348",2020,10,30,"covid",45450
"349",2020,10,30,"covid19",23195
"350",2020,10,30,"american",21423
"351",2020,11,1,"covid-19",62876
"352",2020,11,1,"americans",38845
"353",2020,11,1,"covid",27687
"354",2020,11,1,"trump",23603
"355",2020,11,1,"american comeback",21201
"356",2020,11,2,"covid-19",81339
"357",2020,11,2,"americans",37831
"358",2020,11,2,"covid",30764
"359",2020,11,2,"american",25570
"360",2020,11,2,"trump",20540
"361",2020,11,3,"covid-19",70289
"362",2020,11,3,"americans",44852
"363",2020,11,3,"election day",27166
"364",2020,11,3,"covid",26859
"365",2020,11,3,"covid19",18812
"366",2020,11,4,"covid-19",59219
"367",2020,11,4,"americans",37142
"368",2020,11,4,"democrats",23934
"369",2020,11,4,"republican",22591
"370",2020,11,4,"covid",20727
"371",2020,11,5,"covid-19",62606
"372",2020,11,5,"covid",60543
"373",2020,11,5,"americans",25745
"374",2020,11,5,"dems",25534
"375",2020,11,5,"gop",23312
"376",2020,11,6,"covid-19",55276
"377",2020,11,6,"dem",35689
"378",2020,11,6,"american",32843
"379",2020,11,6,"americans",29656
"380",2020,11,6,"covid",29416
"381",2020,11,7,"covid-19",63308
"382",2020,11,7,"americans",53446
"383",2020,11,7,"covid",26124
"384",2020,11,7,"democrats",25315
"385",2020,11,7,"gop",25139
"386",2020,11,8,"covid-19",42437
"387",2020,11,8,"americans",26269
"388",2020,11,8,"covid",21855
"389",2020,11,8,"american",14898
"390",2020,11,8,"chinese",13181
"391",2020,11,9,"covid-19",107404
"392",2020,11,9,"covid",42620
"393",2020,11,9,"americans",36664
"394",2020,11,9,"coronavirus",36497
"395",2020,11,9,"trump",28731
"396",2020,11,10,"covid-19",78232
"397",2020,11,10,"americans",38310
"398",2020,11,10,"covid",31129
"399",2020,11,10,"covid19",21140
"400",2020,11,10,"chinese",19508
"401",2020,11,11,"covid-19",80705
"402",2020,11,11,"covid",33919
"403",2020,11,11,"americans",28990
"404",2020,11,11,"gop",24165
"405",2020,11,11,"covid19",18099
"406",2020,11,12,"covid-19",86294
"407",2020,11,12,"covid",52458
"408",2020,11,12,"americans",42456
"409",2020,11,12,"covid19",24845
"410",2020,11,12,"american",23772
"411",2020,11,13,"covid-19",115279
"412",2020,11,13,"americans",93995
"413",2020,11,13,"covid",74592
"414",2020,11,13,"american",67338
"415",2020,11,13,"chinese",47288
"416",2020,11,14,"covid-19",66249
"417",2020,11,14,"americans",48049
"418",2020,11,14,"democrats",44923
"419",2020,11,14,"covid",44239
"420",2020,11,14,"covid relief bill",30474
"421",2020,11,15,"covid",72455
"422",2020,11,15,"covid-19",65807
"423",2020,11,15,"americans",46094
"424",2020,11,15,"german",45666
"425",2020,11,15,"covid19",30801
"426",2020,11,16,"covid-19",80205
"427",2020,11,16,"americans",65198
"428",2020,11,16,"covid",60297
"429",2020,11,16,"american",37627
"430",2020,11,16,"covid19",25720
"431",2020,11,17,"covid-19",77597
"432",2020,11,17,"covid",70911
"433",2020,11,17,"americans",39402
"434",2020,11,17,"republican",29070
"435",2020,11,17,"heroes act",19693
"436",2020,11,18,"covid-19",79766
"437",2020,11,18,"americans",69970
"438",2020,11,18,"covid",63031
"439",2020,11,18,"als",46449
"440",2020,11,18,"republican",24620
"441",2020,11,19,"covid-19",86029
"442",2020,11,19,"americans",82590
"443",2020,11,19,"covid",58952
"444",2020,11,19,"republican",33204
"445",2020,11,19,"democrats",31690
"446",2020,11,20,"covid-19",84631
"447",2020,11,20,"americans",65959
"448",2020,11,20,"covid",59994
"449",2020,11,20,"republicans",30673
"450",2020,11,20,"republican",23730
"451",2020,11,21,"covid-19",95842
"452",2020,11,21,"americans",70705
"453",2020,11,21,"covid",41385
"454",2020,11,21,"republicans",26693
"455",2020,11,21,"covid19",19850
"456",2020,11,22,"covid-19",98961
"457",2020,11,22,"americans",47715
"458",2020,11,22,"covid",45427
"459",2020,11,22,"covid19",17057
"460",2020,11,22,"republicans",16641
"461",2020,11,23,"covid-19",77778
"462",2020,11,23,"covid",57685
"463",2020,11,23,"americans",33207
"464",2020,11,23,"coronavirus",28363
"465",2020,11,23,"covid19",27639
"466",2020,11,24,"covid-19",69606
"467",2020,11,24,"covid",49563
"468",2020,11,24,"republicans",31639
"469",2020,11,24,"americans",30661
"470",2020,11,24,"coronavirus",27796
"471",2020,11,25,"covid-19",99502
"472",2020,11,25,"americans",47760
"473",2020,11,25,"republicans",46276
"474",2020,11,25,"covid",34150
"475",2020,11,25,"covid19",19677
"476",2020,11,26,"covid-19",59159
"477",2020,11,26,"americans",43476
"478",2020,11,26,"covid",38345
"479",2020,11,26,"covid19",14955
"480",2020,11,26,"american",13352
"481",2020,11,27,"covid-19",59196
"482",2020,11,27,"covid",39154
"483",2020,11,27,"americans",29568
"484",2020,11,27,"covid19",18338
"485",2020,11,27,"republicans",11832
"486",2020,11,28,"covid-19",60348
"487",2020,11,28,"americans",29891
"488",2020,11,28,"covid",27875
"489",2020,11,28,"covid19",22615
"490",2020,11,28,"coronavirus",9371
"491",2020,11,29,"covid-19",48062
"492",2020,11,29,"americans",37626
"493",2020,11,29,"covid",27301
"494",2020,11,29,"covid19",18928
"495",2020,11,29,"american",13636
"496",2020,11,30,"covid-19",103467
"497",2020,11,30,"coronavirus",43777
"498",2020,11,30,"americans",36596
"499",2020,11,30,"covid",36332
"500",2020,11,30,"tia",29319
"501",2020,12,1,"covid-19",107955
"502",2020,12,1,"covid",62556
"503",2020,12,1,"americans",32364
"504",2020,12,1,"hiv",27907
"505",2020,12,1,"coronavirus",26483
"506",2020,12,2,"covid-19",31151
"507",2020,12,2,"covid",23693
"508",2020,12,2,"americans",23420
"509",2020,12,2,"democrat",21050
"510",2020,12,2,"covid19",13143
"511",2020,12,3,"covid-19",39708
"512",2020,12,3,"covid",34620
"513",2020,12,3,"americans",29364
"514",2020,12,3,"democrat",12142
"515",2020,12,3,"covid19",11595
"516",2020,12,4,"covid-19",70951
"517",2020,12,4,"covid",68271
"518",2020,12,4,"americans",64472
"519",2020,12,4,"american",25157
"520",2020,12,4,"democrats",19895
"521",2020,12,5,"covid-19",67644
"522",2020,12,5,"americans",63488
"523",2020,12,5,"covid",55082
"524",2020,12,5,"democrats",24100
"525",2020,12,5,"gop",19856
"526",2020,12,6,"covid-19",65969
"527",2020,12,6,"americans",58202
"528",2020,12,6,"democrat",48459
"529",2020,12,6,"covid",43935
"530",2020,12,6,"american",18803
"531",2020,12,7,"covid-19",99593
"532",2020,12,7,"americans",69942
"533",2020,12,7,"covid",52913
"534",2020,12,7,"coronavirus",32542
"535",2020,12,7,"american",22834
"536",2020,12,8,"covid-19",133162
"537",2020,12,8,"americans",62597
"538",2020,12,8,"covid",56248
"539",2020,12,8,"coronavirus",32159
"540",2020,12,8,"american",27634
"541",2020,12,9,"covid-19",94740
"542",2020,12,9,"american",84711
"543",2020,12,9,"covid",48262
"544",2020,12,9,"americans",45167
"545",2020,12,9,"covid19",30049
"546",2020,12,10,"covid-19",84901
"547",2020,12,10,"americans",73264
"548",2020,12,10,"covid",55831
"549",2020,12,10,"covid19",29155
"550",2020,12,10,"american",28632
"551",2020,12,11,"covid-19",66075
"552",2020,12,11,"americans",57464
"553",2020,12,11,"covid",35195
"554",2020,12,11,"american",18599
"555",2020,12,11,"republicans",17105
"556",2020,12,12,"covid-19",56638
"557",2020,12,12,"americans",34657
"558",2020,12,12,"covid",27908
"559",2020,12,12,"pfizerâ€™",18428
"560",2020,12,12,"american",15672
"561",2020,12,13,"covid-19",54628
"562",2020,12,13,"americans",30077
"563",2020,12,13,"covid",28808
"564",2020,12,13,"chinese",28668
"565",2020,12,13,"american",18327
"566",2020,12,14,"covid-19",83634
"567",2020,12,14,"americans",49641
"568",2020,12,14,"covid",44051
"569",2020,12,14,"chinese",23091
"570",2020,12,14,"covid19",22327
"571",2020,12,15,"covid-19",71653
"572",2020,12,15,"americans",42519
"573",2020,12,15,"covid",41250
"574",2020,12,15,"covid19",20279
"575",2020,12,15,"american",19240
"576",2020,12,16,"americans",77114
"577",2020,12,16,"covid-19",71667
"578",2020,12,16,"covid",48100
"579",2020,12,16,"american",23158
"580",2020,12,16,"covid19",19619
"581",2020,12,17,"covid-19",92410
"582",2020,12,17,"covid",76101
"583",2020,12,17,"americans",74028
"584",2020,12,17,"republicans",24382
"585",2020,12,17,"american",21583
"586",2020,12,18,"covid",83491
"587",2020,12,18,"covid-19",83107
"588",2020,12,18,"americans",55641
"589",2020,12,18,"republicans",46057
"590",2020,12,18,"coronavirus",37542
"591",2020,12,19,"covid-19",65112
"592",2020,12,19,"americans",64119
"593",2020,12,19,"covid",60044
"594",2020,12,19,"republicans",36798
"595",2020,12,19,"american",21280
"596",2020,12,20,"covid-19",65496
"597",2020,12,20,"covid",64089
"598",2020,12,20,"muslim",36661
"599",2020,12,20,"americans",32934
"600",2020,12,20,"republicans",27622
"601",2020,12,21,"covid-19",98537
"602",2020,12,21,"covid",94980
"603",2020,12,21,"americans",74987
"604",2020,12,21,"republicans",44777
"605",2020,12,21,"covid19",28595
"606",2020,12,22,"covid-19",116154
"607",2020,12,22,"covid",109952
"608",2020,12,22,"american",74142
"609",2020,12,22,"grey’s anatomy",66581
"610",2020,12,22,"americans",64564
"611",2020,12,23,"covid",99269
"612",2020,12,23,"covid-19",81553
"613",2020,12,23,"americans",56468
"614",2020,12,23,"american",36082
"615",2020,12,23,"covid19",27074
"616",2020,12,24,"americans",64679
"617",2020,12,24,"covid-19",54914
"618",2020,12,24,"covid",51087
"619",2020,12,24,"republicans",47893
"620",2020,12,24,"covid19",22056
"621",2020,12,25,"americans",46350
"622",2020,12,25,"covid-19",32337
"623",2020,12,25,"covid",27973
"624",2020,12,25,"republicans",21366
"625",2020,12,25,"american",12052
"626",2020,12,26,"covid-19",50082
"627",2020,12,26,"americans",48457
"628",2020,12,26,"covid",33345
"629",2020,12,26,"democrat",24914
"630",2020,12,26,"covid19",14511
"631",2020,12,27,"americans",107636
"632",2020,12,27,"covid-19",65214
"633",2020,12,27,"covid",63531
"634",2020,12,27,"american",26522
"635",2020,12,27,"republicans",21994
"636",2020,12,28,"covid",80725
"637",2020,12,28,"covid-19",78503
"638",2020,12,28,"americans",66468
"639",2020,12,28,"chinese",35570
"640",2020,12,28,"american",23410
"641",2020,12,29,"covid-19",83871
"642",2020,12,29,"americans",65940
"643",2020,12,29,"covid",60237
"644",2020,12,29,"american",31357
"645",2020,12,29,"chinese",23904
"646",2020,12,30,"covid-19",91541
"647",2020,12,30,"americans",73687
"648",2020,12,30,"covid",46980
"649",2020,12,30,"american",41853
"650",2020,12,30,"republicans",26707
"651",2020,12,31,"covid-19",95703
"652",2020,12,31,"americans",53704
"653",2020,12,31,"covid",44543
"654",2020,12,31,"covid19",31765
"655",2020,12,31,"republicans",24689
"656",2021,1,1,"covid-19",55490
"657",2021,1,1,"covid",34457
"658",2021,1,1,"americans",34294
"659",2021,1,1,"new year",22992
"660",2021,1,1,"republican",17852
"661",2021,1,2,"covid-19",71034
"662",2021,1,2,"covid",44513
"663",2021,1,2,"americans",28081
"664",2021,1,2,"covid19",17070
"665",2021,1,2,"republican",14596
"666",2021,1,3,"covid",79071
"667",2021,1,3,"covid-19",63691
"668",2021,1,3,"americans",22557
"669",2021,1,3,"covid19",18349
"670",2021,1,3,"seruminstindia",16676
"671",2021,1,4,"covid",91052
"672",2021,1,4,"covid-19",68206
"673",2021,1,4,"americans",39145
"674",2021,1,4,"covid19",21511
"675",2021,1,4,"british",12337
"676",2021,1,5,"covid-19",83164
"677",2021,1,5,"covid",44167
"678",2021,1,5,"americans",35585
"679",2021,1,5,"covid19",25967
"680",2021,1,5,"coronavirus",12218
"681",2021,1,6,"covid-19",65122
"682",2021,1,6,"covid",38408
"683",2021,1,6,"americans",25352
"684",2021,1,6,"covid19",20243
"685",2021,1,6,"republican",16383
"686",2021,1,7,"covid-19",54967
"687",2021,1,7,"covid",26357
"688",2021,1,7,"covid19",21774
"689",2021,1,7,"americans",20753
"690",2021,1,7,"gofundme",10149
"691",2021,1,8,"covid-19",66862
"692",2021,1,8,"americans",44114
"693",2021,1,8,"covid",29536
"694",2021,1,8,"covid19",21926
"695",2021,1,8,"democrats",11693
"696",2021,1,9,"covid-19",58317
"697",2021,1,9,"covid",29700
"698",2021,1,9,"americans",24823
"699",2021,1,9,"gop",19657
"700",2021,1,9,"covid19",14142
"701",2021,1,10,"covid-19",51562
"702",2021,1,10,"gop",25056
"703",2021,1,10,"covid",25034
"704",2021,1,10,"americans",22193
"705",2021,1,10,"covid19",17851
"706",2021,1,11,"covid-19",80909
"707",2021,1,11,"covid",37210
"708",2021,1,11,"covid19",27327
"709",2021,1,11,"democrats",19151
"710",2021,1,11,"americans",17785
"711",2021,1,12,"covid-19",102357
"712",2021,1,12,"republicans",57446
"713",2021,1,12,"repu",54129
"714",2021,1,12,"covid",43844
"715",2021,1,12,"rep",42447
"716",2021,1,13,"covid-19",75139
"717",2021,1,13,"republicans",43810
"718",2021,1,13,"covid",40324
"719",2021,1,13,"covid19",40022
"720",2021,1,13,"rep",25172
"721",2021,1,14,"covid-19",87038
"722",2021,1,14,"covid",34465
"723",2021,1,14,"americans",24750
"724",2021,1,14,"covid19",19679
"725",2021,1,14,"chinese",11638
"726",2021,1,15,"covid-19",83840
"727",2021,1,15,"americans",53789
"728",2021,1,15,"covid",40233
"729",2021,1,15,"covid19",15684
"730",2021,1,15,"american",15193
"731",2021,1,16,"covid-19",99201
"732",2021,1,16,"covid",50196
"733",2021,1,16,"americans",41345
"734",2021,1,16,"covid19",28649
"735",2021,1,16,"largestvaccinedrive",20155
"736",2021,1,17,"covid-19",57316
"737",2021,1,17,"covid",34809
"738",2021,1,17,"americans",28891
"739",2021,1,17,"republicans",19553
"740",2021,1,17,"american",18842
"741",2021,1,18,"covid-19",54007
"742",2021,1,18,"covid",32933
"743",2021,1,18,"americans",20104
"744",2021,1,18,"covid19",15465
"745",2021,1,18,"american",11122
"746",2021,1,19,"covid-19",99262
"747",2021,1,19,"americans",55924
"748",2021,1,19,"covid",35700
"749",2021,1,19,"covid19",23641
"750",2021,1,19,"american",16510
"751",2021,1,20,"americans",94273
"752",2021,1,20,"covid-19",86748
"753",2021,1,20,"covid",29632
"754",2021,1,20,"american",18115
"755",2021,1,20,"covid19",17923
"756",2021,1,21,"covid-19",128039
"757",2021,1,21,"americans",47907
"758",2021,1,21,"covid",39507
"759",2021,1,21,"trump",22399
"760",2021,1,21,"covid19",18752
"761",2021,1,22,"covid-19",99156
"762",2021,1,22,"covid",41652
"763",2021,1,22,"americans",30038
"764",2021,1,22,"covid19",20963
"765",2021,1,22,"american",15658
"766",2021,1,23,"covid-19",82827
"767",2021,1,23,"covid",52825
"768",2021,1,23,"covid19",30682
"769",2021,1,23,"americans",23517
"770",2021,1,23,"fauci ouchie",13096
"771",2021,1,24,"covid-19",56107
"772",2021,1,24,"covid",34486
"773",2021,1,24,"americans",23806
"774",2021,1,24,"covid19",16629
"775",2021,1,24,"paris accord",14128
"776",2021,1,25,"covid-19",85728
"777",2021,1,25,"covid",39692
"778",2021,1,25,"americans",23631
"779",2021,1,25,"covid19",22685
"780",2021,1,25,"democrat",13402
"781",2021,1,26,"covid-19",77433
"782",2021,1,26,"covid",47390
"783",2021,1,26,"democrats",30400
"784",2021,1,26,"covid19",27670
"785",2021,1,26,"americans",25891
"786",2021,1,27,"covid-19",77430
"787",2021,1,27,"covid",47348
"788",2021,1,27,"americans",24216
"789",2021,1,27,"ebola",22814
"790",2021,1,27,"covid19",21409
"791",2021,1,28,"covid-19",67236
"792",2021,1,28,"covid",43021
"793",2021,1,28,"americans",22972
"794",2021,1,28,"covid19",18368
"795",2021,1,28,"gop",11442
"796",2021,1,30,"covid-19",57394
"797",2021,1,30,"covid",29101
"798",2021,1,30,"black",26856
"799",2021,1,30,"republicans",24606
"800",2021,1,30,"latinx",22618
"801",2021,1,31,"covid-19",50433
"802",2021,1,31,"republicans",33034
"803",2021,1,31,"covid",32836
"804",2021,1,31,"americans",23211
"805",2021,1,31,"gop",22263
"806",2021,2,1,"covid-19",77905
"807",2021,2,1,"covid",49713
"808",2021,2,1,"republicans",34168
"809",2021,2,1,"gop",29007
"810",2021,2,1,"covid19",26882
"811",2021,2,2,"covid-19",84125
"812",2021,2,2,"covid",69395
"813",2021,2,2,"republicans",38758
"814",2021,2,2,"covid19",24454
"815",2021,2,2,"democrats",22972
"816",2021,2,3,"covid",105274
"817",2021,2,3,"republicans",95895
"818",2021,2,3,"covid-19",63452
"819",2021,2,3,"americans",42903
"820",2021,2,3,"republican",35251
"821",2021,2,4,"covid-19",65057
"822",2021,2,4,"covid",49508
"823",2021,2,4,"americans",35946
"824",2021,2,4,"republicans",27929
"825",2021,2,4,"democrats",21290
"826",2021,2,5,"covid-19",64295
"827",2021,2,5,"covid",45711
"828",2021,2,5,"americans",44677
"829",2021,2,5,"republicans",22680
"830",2021,2,5,"democrats",22537
"831",2021,2,6,"covid-19",26257
"832",2021,2,6,"covid",19011
"833",2021,2,6,"americans",13185
"834",2021,2,6,"covid19",7754
"835",2021,2,6,"democrats",5753
"836",2021,2,7,"covid-19",47383
"837",2021,2,7,"covid",28449
"838",2021,2,7,"super bowl",21076
"839",2021,2,7,"americans",20824
"840",2021,2,7,"covid19",10813
"841",2021,2,8,"covid-19",54592
"842",2021,2,8,"americans",49505
"843",2021,2,8,"covid",32821
"844",2021,2,8,"super bowl",32640
"845",2021,2,8,"supeâ€¦",28152
"846",2021,2,9,"covid",51205
"847",2021,2,9,"covid-19",50774
"848",2021,2,9,"americans",29517
"849",2021,2,9,"sikh",21991
"850",2021,2,9,"first nations",21988
"851",2021,2,10,"covid-19",39841
"852",2021,2,10,"covid",30013
"853",2021,2,10,"americans",25061
"854",2021,2,10,"covid19",17735
"855",2021,2,10,"coronavirus",10869
"856",2021,2,11,"covid-19",55389
"857",2021,2,11,"covid",35943
"858",2021,2,11,"americans",31470
"859",2021,2,11,"covid19",22453
"860",2021,2,11,"coronavirus",10291
"861",2021,2,12,"covid",37417
"862",2021,2,12,"covid-19",36268
"863",2021,2,12,"americans",32796
"864",2021,2,12,"covid19",19543
"865",2021,2,12,"covid 19",15283
"866",2021,2,13,"covid-19",31279
"867",2021,2,13,"covid",28754
"868",2021,2,13,"republicans",17722
"869",2021,2,13,"covid19",16709
"870",2021,2,13,"democrats",14340
"871",2021,2,14,"covid",32138
"872",2021,2,14,"covid-19",27604
"873",2021,2,14,"americans",19577
"874",2021,2,14,"happy valentines day",17652
"875",2021,2,14,"coronavirus",17117
"876",2021,2,15,"covid-19",45190
"877",2021,2,15,"covid",37377
"878",2021,2,15,"americans",29042
"879",2021,2,15,"spanish",18325
"880",2021,2,15,"covid19",14937
"881",2021,2,16,"covid-19",54940
"882",2021,2,16,"covid",42158
"883",2021,2,16,"covid19",21984
"884",2021,2,16,"americans",19871
"885",2021,2,16,"democrats",12238
"886",2021,2,17,"covid",63286
"887",2021,2,17,"covid-19",54675
"888",2021,2,17,"texans",34564
"889",2021,2,17,"american",24252
"890",2021,2,17,"republicans",17690
"891",2021,2,18,"covid-19",56935
"892",2021,2,18,"covid",46881
"893",2021,2,18,"republicans",36955
"894",2021,2,18,"covid19",17193
"895",2021,2,18,"americans",13380
"896",2021,2,19,"covid-19",40739
"897",2021,2,19,"americans",33765
"898",2021,2,19,"covid",32861
"899",2021,2,19,"covid19",17491
"900",2021,2,19,"american",11262
"901",2021,2,20,"covid-19",44834
"902",2021,2,20,"covid",43701
"903",2021,2,20,"americans",19060
"904",2021,2,20,"british",13586
"905",2021,2,20,"covid19",11275
"906",2021,2,21,"covid-19",63874
"907",2021,2,21,"covid",36529
"908",2021,2,21,"americans",35506
"909",2021,2,21,"native",27804
"910",2021,2,21,"american",12544
"911",2021,2,22,"covid-19",73219
"912",2021,2,22,"americans",46054
"913",2021,2,22,"covid",36421
"914",2021,2,22,"american",19902
"915",2021,2,22,"covid19",14712
"916",2021,2,23,"americans",86949
"917",2021,2,23,"covid-19",80778
"918",2021,2,23,"covid",38115
"919",2021,2,23,"american",25745
"920",2021,2,23,"covid19",24034
"921",2021,2,24,"covid-19",79417
"922",2021,2,24,"covid",49248
"923",2021,2,24,"americans",36752
"924",2021,2,24,"covid19",25051
"925",2021,2,24,"republicans",18296
"926",2021,2,25,"covid-19",24328
"927",2021,2,25,"covid",11802
"928",2021,2,25,"german",5405
"929",2021,2,25,"americans",3220
"930",2021,2,25,"covid19",2964
"931",2021,2,26,"covid-19",62986
"932",2021,2,26,"german",44584
"933",2021,2,26,"covid",44510
"934",2021,2,26,"asians",36191
"935",2021,2,26,"democrats",18558
"936",2021,2,27,"covid",56221
"937",2021,2,27,"republicans",44072
"938",2021,2,27,"republican",38427
"939",2021,2,27,"covid-19",34669
"940",2021,2,27,"americans",22982
"941",2021,2,28,"covid",58449
"942",2021,2,28,"republicans",38130
"943",2021,2,28,"covid-19",37458
"944",2021,2,28,"americans",29692
"945",2021,2,28,"republican",28156
"946",2021,3,1,"covid-19",82174
"947",2021,3,1,"covid",34779
"948",2021,3,1,"covid19",19894
"949",2021,3,1,"republicans",16718
"950",2021,3,1,"americans",14816
"951",2021,3,2,"covid-19",65041
"952",2021,3,2,"covid",61424
"953",2021,3,2,"americans",31298
"954",2021,3,2,"covid19",19639
"955",2021,3,2,"texans",16993
"956",2021,3,3,"covid-19",79000
"957",2021,3,3,"covid",60684
"958",2021,3,3,"texans",42446
"959",2021,3,3,"americans",34710
"960",2021,3,3,"republicans",24785
"961",2021,3,4,"covid-19",70110
"962",2021,3,4,"covid",63414
"963",2021,3,4,"republicans",50841
"964",2021,3,4,"americans",39647
"965",2021,3,4,"republican",34596
"966",2021,3,5,"republicans",109635
"967",2021,3,5,"covid-19",105832
"968",2021,3,5,"covid",96998
"969",2021,3,5,"americans",72378
"970",2021,3,5,"republican",37939
"971",2021,3,6,"covid",124540
"972",2021,3,6,"covid-19",68682
"973",2021,3,6,"democrats",67470
"974",2021,3,6,"republicans",62136
"975",2021,3,6,"americans",58149
"976",2021,3,7,"covid",91215
"977",2021,3,7,"republicans",64315
"978",2021,3,7,"covid-19",47189
"979",2021,3,7,"democrats",40988
"980",2021,3,7,"americans",39000
"981",2021,3,8,"covid-19",59302
"982",2021,3,8,"covid",42477
"983",2021,3,8,"democrats",32656
"984",2021,3,8,"americans",27929
"985",2021,3,8,"republicans",26686
"986",2021,3,9,"covid-19",56342
"987",2021,3,9,"covid",51913
"988",2021,3,9,"americans",25089
"989",2021,3,9,"republicans",18614
"990",2021,3,9,"covid19",15860
"991",2021,3,10,"covid-19",119603
"992",2021,3,10,"covid",94157
"993",2021,3,10,"republicans",56089
"994",2021,3,10,"americans",39012
"995",2021,3,10,"democrats",24680
"996",2021,3,11,"covid-19",130444
"997",2021,3,11,"covid",100515
"998",2021,3,11,"republicans",93724
"999",2021,3,11,"americans",53365
"1000",2021,3,11,"american",28999
"1001",2021,3,12,"covid-19",89993
"1002",2021,3,12,"americans",70213
"1003",2021,3,12,"covid",58859
"1004",2021,3,12,"american",48956
"1005",2021,3,12,"republicans",44238
"1006",2021,3,13,"covid-19",44718
"1007",2021,3,13,"covid",44653
"1008",2021,3,13,"americans",17851
"1009",2021,3,13,"republicans",17068
"1010",2021,3,13,"covid19",16594
"1011",2021,3,14,"covid",53485
"1012",2021,3,14,"covid-19",48604
"1013",2021,3,14,"republicans",21254
"1014",2021,3,14,"americans",17249
"1015",2021,3,14,"republican",12747
"1016",2021,3,15,"covid-19",60546
"1017",2021,3,15,"covid",50908
"1018",2021,3,15,"americans",22575
"1019",2021,3,15,"republicans",16671
"1020",2021,3,15,"covid19",15669
"1021",2021,3,16,"covid-19",59135
"1022",2021,3,16,"covid",41144
"1023",2021,3,16,"republican",17470
"1024",2021,3,16,"americans",16581
"1025",2021,3,16,"covid19",16471
"1026",2021,3,17,"covid-19",60121
"1027",2021,3,17,"covid",40272
"1028",2021,3,17,"asian",37705
"1029",2021,3,17,"chinese",34580
"1030",2021,3,17,"asians",27898
"1031",2021,3,18,"covid-19",56880
"1032",2021,3,18,"covid",56645
"1033",2021,3,18,"asian",23054
"1034",2021,3,18,"chinese",18141
"1035",2021,3,18,"covid19",18001
"1036",2021,3,19,"covid-19",58432
"1037",2021,3,19,"covid",38352
"1038",2021,3,19,"covid19",18680
"1039",2021,3,19,"russian",15165
"1040",2021,3,19,"chinese",11558
"1041",2021,3,20,"covid-19",70093
"1042",2021,3,20,"covid",37442
"1043",2021,3,20,"chinese",16359
"1044",2021,3,20,"covid19",16176
"1045",2021,3,20,"americans",14324
"1046",2021,3,21,"covid-19",43149
"1047",2021,3,21,"covid",30993
"1048",2021,3,21,"american",13489
"1049",2021,3,21,"americans",12219
"1050",2021,3,21,"zoom",11693
"1051",2021,3,22,"covid-19",59515
"1052",2021,3,22,"covid",31399
"1053",2021,3,22,"covid19",15209
"1054",2021,3,22,"americans",15144
"1055",2021,3,22,"american",7963
"1056",2021,3,23,"covid-19",59627
"1057",2021,3,23,"covid",39072
"1058",2021,3,23,"americans",20433
"1059",2021,3,23,"fema funeral reimbursement program",16075
"1060",2021,3,23,"covid19",14998
"1061",2021,3,24,"covid-19",60532
"1062",2021,3,24,"covid",31983
"1063",2021,3,24,"covid19",16935
"1064",2021,3,24,"americans",15374
"1065",2021,3,24,"chinese",7832
"1066",2021,3,25,"covid-19",60044
"1067",2021,3,25,"covid",35906
"1068",2021,3,25,"covid19",22670
"1069",2021,3,25,"americans",13514
"1070",2021,3,25,"coronavirus act",12992
"1071",2021,3,26,"covid-19",57081
"1072",2021,3,26,"covid",32388
"1073",2021,3,26,"covid19",14869
"1074",2021,3,26,"americans",11511
"1075",2021,3,26,"chinese",6930
"1076",2021,3,27,"covid-19",44045
"1077",2021,3,27,"covid",30867
"1078",2021,3,27,"covid19",10411
"1079",2021,3,27,"biden",10318
"1080",2021,3,27,"americans",8030
"1081",2021,3,28,"covid-19",37856
"1082",2021,3,28,"covid",36609
"1083",2021,3,28,"americans",17264
"1084",2021,3,28,"covid19",10900
"1085",2021,3,28,"chinese",6028
"1086",2021,3,29,"covid-19",72604
"1087",2021,3,29,"covid",43910
"1088",2021,3,29,"americans",32857
"1089",2021,3,29,"american",17373
"1090",2021,3,29,"democrats",15286
"1091",2021,3,30,"covid-19",85576
"1092",2021,3,30,"covid",40474
"1093",2021,3,30,"americans",24008
"1094",2021,3,30,"democrats",18741
"1095",2021,3,30,"american",16567
"1096",2021,3,31,"covid-19",63724
"1097",2021,3,31,"covid",34648
"1098",2021,3,31,"americans",15925
"1099",2021,3,31,"covid19",13620
"1100",2021,3,31,"democrats",10068
"1101",2021,4,1,"covid-19",58437
"1102",2021,4,1,"covid",51044
"1103",2021,4,1,"covid19",21671
"1104",2021,4,1,"americans",12148
"1105",2021,4,1,"iraqi",8341
"1106",2021,4,2,"covid-19",58021
"1107",2021,4,2,"covid",45016
"1108",2021,4,2,"covid19",21302
"1109",2021,4,2,"americans",15459
"1110",2021,4,2,"coronavirus",5559
"1111",2021,4,3,"covid-19",45632
"1112",2021,4,3,"covid",45366
"1113",2021,4,3,"covid19",18032
"1114",2021,4,3,"americans",11666
"1115",2021,4,3,"gop",9223
"1116",2021,4,4,"covid",45108
"1117",2021,4,4,"covid-19",39376
"1118",2021,4,4,"covid19",19164
"1119",2021,4,4,"coronavirus",9824
"1120",2021,4,4,"hiv",8534
"1121",2021,4,5,"covid",58956
"1122",2021,4,5,"covid-19",55101
"1123",2021,4,5,"hiv",26420
"1124",2021,4,5,"covid19",20106
"1125",2021,4,5,"americans",15591
"1126",2021,4,6,"covid",57706
"1127",2021,4,6,"covid-19",57441
"1128",2021,4,6,"covid19",23196
"1129",2021,4,6,"americans",17385
"1130",2021,4,6,"hiv",16974
"1131",2021,4,7,"covid-19",73239
"1132",2021,4,7,"covid",50187
"1133",2021,4,7,"tiktok",33446
"1134",2021,4,7,"covid19",32323
"1135",2021,4,7,"americans",14372
"1136",2021,4,8,"covid-19",71211
"1137",2021,4,8,"covid",51692
"1138",2021,4,8,"covid19",24097
"1139",2021,4,8,"americans",13214
"1140",2021,4,8,"american",9414
"1141",2021,4,9,"covid-19",56435
"1142",2021,4,9,"covid",53268
"1143",2021,4,9,"covid19",21865
"1144",2021,4,9,"brazilian",16157
"1145",2021,4,9,"americans",12133
"1146",2021,4,10,"covid-19",53747
"1147",2021,4,10,"covid",43794
"1148",2021,4,10,"covid19",16871
"1149",2021,4,10,"marines",11022
"1150",2021,4,10,"americans",7844
"1151",2021,4,11,"covid-19",46267
"1152",2021,4,11,"covid",42480
"1153",2021,4,11,"covid19",18659
"1154",2021,4,11,"corona",15215
"1155",2021,4,11,"cbse",10220
"1156",2021,4,12,"covid-19",38090
"1157",2021,4,12,"covid",36198
"1158",2021,4,12,"covid19",7208
"1159",2021,4,12,"indian",6927
"1160",2021,4,12,"coronavirus",6318
"1161",2021,4,13,"covid",52000
"1162",2021,4,13,"covid-19",38373
"1163",2021,4,13,"covid19",21675
"1164",2021,4,13,"ugadi",11156
"1165",2021,4,13,"cbse",10715
"1166",2021,4,14,"covid",62415
"1167",2021,4,14,"covid-19",44768
"1168",2021,4,14,"covid19",24206
"1169",2021,4,14,"americans",10691
"1170",2021,4,14,"corona",7103
"1171",2021,4,15,"covid-19",62943
"1172",2021,4,15,"covid",54239
"1173",2021,4,15,"covid19",30456
"1174",2021,4,15,"americans",13267
"1175",2021,4,15,"corona",6600
"1176",2021,4,16,"covid",57300
"1177",2021,4,16,"covid-19",54096
"1178",2021,4,16,"covid19",29123
"1179",2021,4,16,"americans",12176
"1180",2021,4,16,"indian",10528
"1181",2021,4,17,"covid",62867
"1182",2021,4,17,"covid-19",54266
"1183",2021,4,17,"covid19",23533
"1184",2021,4,17,"indian",13196
"1185",2021,4,17,"americans",7904
"1186",2021,4,18,"covid",109877
"1187",2021,4,18,"covid-19",56711
"1188",2021,4,18,"covid19",30536
"1189",2021,4,18,"corona",17270
"1190",2021,4,18,"indian",9768
"1191",2021,4,19,"covid-19",83508
"1192",2021,4,19,"covid",71064
"1193",2021,4,19,"covid19",34563
"1194",2021,4,19,"american",25841
"1195",2021,4,19,"indian",14852
"1196",2021,4,20,"covid-19",98189
"1197",2021,4,20,"covid",64746
"1198",2021,4,20,"covid19",34144
"1199",2021,4,20,"indian",19088
"1200",2021,4,20,"american",14574
"1201",2021,4,21,"covid",78849
"1202",2021,4,21,"covid-19",62013
"1203",2021,4,21,"covid19",30954
"1204",2021,4,21,"indian",20638
"1205",2021,4,21,"sars-cov-2",9009
"1206",2021,4,22,"covid",85616
"1207",2021,4,22,"covid-19",84244
"1208",2021,4,22,"covid19",31055
"1209",2021,4,22,"covid-19 hate crimes act",25451
"1210",2021,4,22,"indian",16727
"1211",2021,4,23,"covid-19",98662
"1212",2021,4,23,"covid",77312
"1213",2021,4,23,"covid19",36631
"1214",2021,4,23,"indian",31090
"1215",2021,4,23,"americans",14041
"1216",2021,4,24,"covid-19",79799
"1217",2021,4,24,"covid",73094
"1218",2021,4,24,"indian",32503
"1219",2021,4,24,"covid19",31318
"1220",2021,4,24,"new yorker",16057
"1221",2021,4,25,"covid-19",92596
"1222",2021,4,25,"covid",91115
"1223",2021,4,25,"indian",72274
"1224",2021,4,25,"covid19",35394
"1225",2021,4,25,"coronavirus",18623
"1226",2021,4,26,"covid",96223
"1227",2021,4,26,"covid-19",84094
"1228",2021,4,26,"indian",56074
"1229",2021,4,26,"covid19",44071
"1230",2021,4,26,"coronavirus",16157
"1231",2021,4,27,"covid",102014
"1232",2021,4,27,"covid-19",81065
"1233",2021,4,27,"covid19",36174
"1234",2021,4,27,"americans",30932
"1235",2021,4,27,"indian",26210
"1236",2021,4,28,"covid-19",92897
"1237",2021,4,28,"covid",81758
"1238",2021,4,28,"covid19",41829
"1239",2021,4,28,"indian",23819
"1240",2021,4,28,"americans",15126
"1241",2021,4,29,"covid-19",89416
"1242",2021,4,29,"covid",86037
"1243",2021,4,29,"covid19",41249
"1244",2021,4,29,"indian",29892
"1245",2021,4,29,"americans",16867
"1246",2021,5,1,"covid",98170
"1247",2021,5,1,"covid-19",56442
"1248",2021,5,1,"covid19",32232
"1249",2021,5,1,"indian",24846
"1250",2021,5,1,"indians",11041
"1251",2021,5,2,"covid",66757
"1252",2021,5,2,"covid-19",50762
"1253",2021,5,2,"covid19",20547
"1254",2021,5,2,"indian",15720
"1255",2021,5,2,"americans",9543
"1256",2021,5,3,"covid-19",85829
"1257",2021,5,3,"covid",78155
"1258",2021,5,3,"covid19",28992
"1259",2021,5,3,"indian",16410
"1260",2021,5,3,"americans",11348
"1261",2021,5,4,"covid-19",77919
"1262",2021,5,4,"covid",68363
"1263",2021,5,4,"covid19",34297
"1264",2021,5,4,"americans",23979
"1265",2021,5,4,"indian",17946
"1266",2021,5,5,"covid-19",67586
"1267",2021,5,5,"covid",66954
"1268",2021,5,5,"covid19",34994
"1269",2021,5,5,"indian",23343
"1270",2021,5,5,"americans",17657
"1271",2021,5,6,"covid",62354
"1272",2021,5,6,"covid-19",61651
"1273",2021,5,6,"covid19",33067
"1274",2021,5,6,"let’s standtogether",18795
"1275",2021,5,6,"indian",18676
"1276",2021,5,7,"covid-19",93545
"1277",2021,5,7,"covid",72248
"1278",2021,5,7,"covid19",32089
"1279",2021,5,7,"indian",20055
"1280",2021,5,7,"chinese",13836
"1281",2021,5,8,"covid-19",65905
"1282",2021,5,8,"covid",59972
"1283",2021,5,8,"chinese",28166
"1284",2021,5,8,"covid19",26131
"1285",2021,5,8,"indian",18025
"1286",2021,5,9,"covid-19",57379
"1287",2021,5,9,"covid",55391
"1288",2021,5,9,"covid19",28341
"1289",2021,5,9,"indian",18171
"1290",2021,5,9,"chinese",17891
"1291",2021,5,10,"covid",73811
"1292",2021,5,10,"covid-19",71182
"1293",2021,5,10,"covid19",29310
"1294",2021,5,10,"americans",26703
"1295",2021,5,10,"chinese",15464
"1296",2021,5,11,"covid-19",50206
"1297",2021,5,11,"covid",37162
"1298",2021,5,11,"indian",17177
"1299",2021,5,11,"chinese",9108
"1300",2021,5,11,"covid19",7726
"1301",2021,5,12,"covid-19",68439
"1302",2021,5,12,"covid",56388
"1303",2021,5,12,"indian",36444
"1304",2021,5,12,"covid19",29994
"1305",2021,5,12,"international nurses day",18011
"1306",2021,5,13,"covid-19",68494
"1307",2021,5,13,"covid",49686
"1308",2021,5,13,"covid19",46230
"1309",2021,5,13,"indian",32444
"1310",2021,5,13,"americans",23489
"1311",2021,5,14,"covid",62279
"1312",2021,5,14,"covid-19",54832
"1313",2021,5,14,"indian",38176
"1314",2021,5,14,"covid19",31986
"1315",2021,5,14,"americans",18931
"1316",2021,5,15,"covid",56949
"1317",2021,5,15,"covid-19",52028
"1318",2021,5,15,"indian",32492
"1319",2021,5,15,"covid19",26837
"1320",2021,5,15,"americans",15042
"1321",2021,5,16,"covid",52648
"1322",2021,5,16,"covid-19",49037
"1323",2021,5,16,"covid19",28532
"1324",2021,5,16,"indian",25466
"1325",2021,5,16,"americans",12038
"1326",2021,5,17,"covid",75991
"1327",2021,5,17,"covid-19",54772
"1328",2021,5,17,"indian",26737
"1329",2021,5,17,"covid19",26239
"1330",2021,5,17,"palestinians",17681
"1331",2021,5,18,"covid-19",69719
"1332",2021,5,18,"covid",65175
"1333",2021,5,18,"indian",50242
"1334",2021,5,18,"covid19",34231
"1335",2021,5,18,"chinese",19008
"1336",2021,5,19,"covid-19",63045
"1337",2021,5,19,"covid",57784
"1338",2021,5,19,"indian",30900
"1339",2021,5,19,"covid19",27304
"1340",2021,5,19,"chinese",15590
"1341",2021,5,20,"covid-19",70667
"1342",2021,5,20,"covid",58110
"1343",2021,5,20,"covid19",32873
"1344",2021,5,20,"indian",19172
"1345",2021,5,20,"chinese",15491
"1346",2021,5,21,"covid",46183
"1347",2021,5,21,"covid-19",43685
"1348",2021,5,21,"covid19",27293
"1349",2021,5,21,"indian",13350
"1350",2021,5,21,"republicans",13243
"1351",2021,5,22,"covid-19",49127
"1352",2021,5,22,"covid",41173
"1353",2021,5,22,"indian",22300
"1354",2021,5,22,"covid19",21783
"1355",2021,5,22,"chinese",11800
"1356",2021,5,23,"covid",55551
"1357",2021,5,23,"covid-19",45711
"1358",2021,5,23,"indian",27053
"1359",2021,5,23,"covid19",23217
"1360",2021,5,23,"holocaust",13686
"1361",2021,5,24,"covid-19",64898
"1362",2021,5,24,"covid",52945
"1363",2021,5,24,"covid19",34731
"1364",2021,5,24,"indian",22667
"1365",2021,5,24,"chinese",16535
"1366",2021,5,25,"covid-19",64113
"1367",2021,5,25,"covid",54385
"1368",2021,5,25,"covid19",29861
"1369",2021,5,25,"chinese",17906
"1370",2021,5,25,"holocaust",17609
"1371",2021,5,26,"covid",85323
"1372",2021,5,26,"covid-19",63551
"1373",2021,5,26,"covid19",24685
"1374",2021,5,26,"chinese",16493
"1375",2021,5,26,"indian",13440
"1376",2021,5,27,"covid-19",80188
"1377",2021,5,27,"covid",66691
"1378",2021,5,27,"covid19",31859
"1379",2021,5,27,"democrats",22587
"1380",2021,5,27,"indian",18006
"1381",2021,5,28,"covid-19",64923
"1382",2021,5,28,"covid",45497
"1383",2021,5,28,"covid19",28003
"1384",2021,5,28,"indian",16760
"1385",2021,5,28,"chinese",12016
"1386",2021,5,29,"covid-19",59776
"1387",2021,5,29,"covid",36485
"1388",2021,5,29,"covid19",30856
"1389",2021,5,29,"chinese",30444
"1390",2021,5,29,"indian",26148
"1391",2021,5,30,"covid-19",45813
"1392",2021,5,30,"covid",44967
"1393",2021,5,30,"chinese",28749
"1394",2021,5,30,"covid19",23681
"1395",2021,5,30,"indian",15083
"1396",2021,5,31,"covid-19",46879
"1397",2021,5,31,"covid",42194
"1398",2021,5,31,"covid19",21137
"1399",2021,5,31,"chinese",15122
"1400",2021,5,31,"indian",10550
"1401",2021,6,1,"covid-19",55367
"1402",2021,6,1,"covid",45230
"1403",2021,6,1,"covid19",23984
"1404",2021,6,1,"indian",13413
"1405",2021,6,1,"chinese",10240
"1406",2021,6,2,"covid-19",51111
"1407",2021,6,2,"covid",49441
"1408",2021,6,2,"covid19",24992
"1409",2021,6,2,"chinese",24505
"1410",2021,6,2,"americans",22843
"1411",2021,6,3,"covid-19",55464
"1412",2021,6,3,"covid",49542
"1413",2021,6,3,"covid19",31389
"1414",2021,6,3,"hiv",18742
"1415",2021,6,3,"americans",17464
"1416",2021,6,4,"covid",55456
"1417",2021,6,4,"covid-19",49519
"1418",2021,6,4,"covid19",28960
"1419",2021,6,4,"american",22600
"1420",2021,6,4,"coronavirus",20994
"1421",2021,6,5,"covid-19",39610
"1422",2021,6,5,"covid",35838
"1423",2021,6,5,"covid19",21004
"1424",2021,6,5,"chinese",14095
"1425",2021,6,5,"indian",11726
"1426",2021,6,6,"covid",32647
"1427",2021,6,6,"covid-19",27825
"1428",2021,6,6,"covid19",17551
"1429",2021,6,6,"americans",12459
"1430",2021,6,6,"chinese",10336
"1431",2021,6,7,"covid-19",52547
"1432",2021,6,7,"covid",38766
"1433",2021,6,7,"covid19",24845
"1434",2021,6,7,"chinese",20391
"1435",2021,6,7,"americans",11865
"1436",2021,6,8,"covid-19",50549
"1437",2021,6,8,"covid",33337
"1438",2021,6,8,"covid19",19702
"1439",2021,6,8,"americans",18068
"1440",2021,6,8,"chinese",14038
"1441",2021,6,9,"covid-19",48473
"1442",2021,6,9,"covid",42750
"1443",2021,6,9,"covid19",19029
"1444",2021,6,9,"americans",11416
"1445",2021,6,9,"republicans",11275
"1446",2021,6,10,"covid-19",48584
"1447",2021,6,10,"covid",40849
"1448",2021,6,10,"covid19",24106
"1449",2021,6,10,"americans",9550
"1450",2021,6,10,"chinese",7884
"1451",2021,6,11,"covid-19",54557
"1452",2021,6,11,"covid",44163
"1453",2021,6,11,"covid19",19758
"1454",2021,6,11,"indian",7955
"1455",2021,6,11,"american",7259
"1456",2021,6,12,"covid",36611
"1457",2021,6,12,"covid-19",32467
"1458",2021,6,12,"covid19",14248
"1459",2021,6,12,"american",12331
"1460",2021,6,12,"indian",11230
"1461",2021,6,13,"covid",40457
"1462",2021,6,13,"covid-19",27599
"1463",2021,6,13,"namjoon",18777
"1464",2021,6,13,"covid19",14916
"1465",2021,6,13,"bible",11226
"1466",2021,6,14,"covid",54104
"1467",2021,6,14,"covid-19",50994
"1468",2021,6,14,"bible",45043
"1469",2021,6,14,"covid19",19838
"1470",2021,6,14,"americans",11867
"1471",2021,6,15,"covid",50087
"1472",2021,6,15,"covid-19",46635
"1473",2021,6,15,"covid19",18928
"1474",2021,6,15,"americans",12666
"1475",2021,6,15,"chinese",9798
"1476",2021,6,16,"covid-19",53066
"1477",2021,6,16,"covid",45043
"1478",2021,6,16,"covid19",18260
"1479",2021,6,16,"americans",9797
"1480",2021,6,16,"chinese",8480
"1481",2021,6,17,"covid",43055
"1482",2021,6,17,"covid-19",40293
"1483",2021,6,17,"covid19",20321
"1484",2021,6,17,"americans",8351
"1485",2021,6,17,"chinese",6905
"1486",2021,6,18,"covid",42059
"1487",2021,6,18,"covid-19",38404
"1488",2021,6,18,"covid19",18827
"1489",2021,6,18,"american",9041
"1490",2021,6,18,"chinese",8791
"1491",2021,6,19,"covid",33816
"1492",2021,6,19,"covid-19",32576
"1493",2021,6,19,"covid19",12449
"1494",2021,6,19,"chinese",7753
"1495",2021,6,19,"indian",6653
"1496",2021,6,20,"covid",42757
"1497",2021,6,20,"covid-19",29627
"1498",2021,6,20,"covid19",12450
"1499",2021,6,20,"deltavariant",7637
"1500",2021,6,20,"non-british",5208
"1501",2021,6,21,"covid-19",49413
"1502",2021,6,21,"covid",42895
"1503",2021,6,21,"yoga",15640
"1504",2021,6,21,"covid19",14266
"1505",2021,6,21,"americans",12353
"1506",2021,6,22,"covid-19",49805
"1507",2021,6,22,"covid",44835
"1508",2021,6,22,"covid19",23728
"1509",2021,6,22,"americans",12199
"1510",2021,6,22,"american",8687
"1511",2021,6,23,"covid-19",53129
"1512",2021,6,23,"covid",49246
"1513",2021,6,23,"covid19",16785
"1514",2021,6,23,"republicans",8979
"1515",2021,6,23,"americans",8855
"1516",2021,6,24,"covid-19",45705
"1517",2021,6,24,"covid",44124
"1518",2021,6,24,"covid19",18283
"1519",2021,6,24,"chinese",13012
"1520",2021,6,24,"americans",7450
"1521",2021,6,25,"covid",49222
"1522",2021,6,25,"covid-19",41340
"1523",2021,6,25,"covid19",20362
"1524",2021,6,25,"chinese",9277
"1525",2021,6,25,"americans",7158
"1526",2021,6,26,"covid",42321
"1527",2021,6,26,"covid-19",32294
"1528",2021,6,26,"covid19",12900
"1529",2021,6,26,"americans",7099
"1530",2021,6,26,"deltavariant",6823
"1531",2021,6,27,"covid",35265
"1532",2021,6,27,"covid-19",28785
"1533",2021,6,27,"covid19",11158
"1534",2021,6,27,"americans",7872
"1535",2021,6,27,"chinese",5554
"1536",2021,6,28,"covid",44097
"1537",2021,6,28,"covid-19",39207
"1538",2021,6,28,"covid19",17395
"1539",2021,6,28,"australian",7185
"1540",2021,6,28,"americans",6341
"1541",2021,6,29,"covid",49022
"1542",2021,6,29,"covid-19",41882
"1543",2021,6,29,"covid19",24641
"1544",2021,6,29,"australian",7179
"1545",2021,6,29,"americans",6833
"1546",2021,6,30,"covid",58194
"1547",2021,6,30,"covid-19",40848
"1548",2021,6,30,"covid19",15946
"1549",2021,6,30,"americans",7407
"1550",2021,6,30,"indian",7221
"1551",2021,7,1,"covid",38875
"1552",2021,7,1,"covid-19",35597
"1553",2021,7,1,"covid19",22560
"1554",2021,7,1,"americans",10797
"1555",2021,7,1,"democrats",10166
"1556",2021,7,2,"covid-19",36089
"1557",2021,7,2,"covid",34429
"1558",2021,7,2,"covid19",20557
"1559",2021,7,2,"olympics",6829
"1560",2021,7,2,"americans",5820
"1561",2021,7,3,"covid",32616
"1562",2021,7,3,"covid-19",25353
"1563",2021,7,3,"covid19",11716
"1564",2021,7,3,"olympics",6802
"1565",2021,7,3,"americans",4939
"1566",2021,7,4,"covid",42762
"1567",2021,7,4,"covid-19",26228
"1568",2021,7,4,"covid19",13784
"1569",2021,7,4,"americans",13390
"1570",2021,7,4,"republican",4396
"1571",2021,7,5,"covid",65475
"1572",2021,7,5,"covid-19",38051
"1573",2021,7,5,"covid19",17421
"1574",2021,7,5,"americans",10223
"1575",2021,7,5,"japanese",8635
"1576",2021,7,6,"covid",55026
"1577",2021,7,6,"covid-19",46177
"1578",2021,7,6,"covid19",23443
"1579",2021,7,6,"americans",10785
"1580",2021,7,6,"lambda",8092
"1581",2021,7,7,"covid-19",59766
"1582",2021,7,7,"covid",52864
"1583",2021,7,7,"covid19",25401
"1584",2021,7,7,"olympics",18314
"1585",2021,7,7,"americans",16982
"1586",2021,7,8,"covid-19",63831
"1587",2021,7,8,"covid",53567
"1588",2021,7,8,"olympics",27328
"1589",2021,7,8,"covid19",21530
"1590",2021,7,8,"americans",11026
"1591",2021,7,9,"covid",56042
"1592",2021,7,9,"covid-19",53642
"1593",2021,7,9,"covid19",19700
"1594",2021,7,9,"americans",14832
"1595",2021,7,9,"chinese",8283
"1596",2021,7,10,"covid",46194
"1597",2021,7,10,"covid-19",42798
"1598",2021,7,10,"covid19",19806
"1599",2021,7,10,"americans",15052
"1600",2021,7,10,"permissiontodance",12238
"1601",2021,7,11,"covid",54841
"1602",2021,7,11,"covid-19",46865
"1603",2021,7,11,"covid19",29527
"1604",2021,7,11,"permissiontodance",10353
"1605",2021,7,11,"americans",9642
"1606",2021,7,12,"covid-19",70533
"1607",2021,7,12,"covid",67813
"1608",2021,7,12,"cuban",27113
"1609",2021,7,12,"covid19",26627
"1610",2021,7,12,"americans",15804
"1611",2021,7,13,"covid-19",79092
"1612",2021,7,13,"covid",59960
"1613",2021,7,13,"covid19",26326
"1614",2021,7,13,"americans",11017
"1615",2021,7,13,"gop",8093
"1616",2021,7,14,"covid-19",75971
"1617",2021,7,14,"covid",68849
"1618",2021,7,14,"covid19",25012
"1619",2021,7,14,"americans",12244
"1620",2021,7,14,"republicans",11490
"1621",2021,7,15,"covid",73639
"1622",2021,7,15,"covid-19",71725
"1623",2021,7,15,"covid19",27996
"1624",2021,7,15,"americans",14444
"1625",2021,7,15,"republicans",9451
"1626",2021,7,16,"covid",87565
"1627",2021,7,16,"covid-19",68461
"1628",2021,7,16,"covid19",26980
"1629",2021,7,16,"americans",13308
"1630",2021,7,16,"republicans",12174
"1631",2021,7,18,"covid",88585
"1632",2021,7,18,"covid-19",57910
"1633",2021,7,18,"covid19",19827
"1634",2021,7,18,"democrats",15559
"1635",2021,7,18,"olympics",12397
"1636",2021,7,19,"covid",112641
"1637",2021,7,19,"covid-19",62358
"1638",2021,7,19,"covid19",28226
"1639",2021,7,19,"democrats",20111
"1640",2021,7,19,"americans",19656
"1641",2021,7,20,"covid",100829
"1642",2021,7,20,"covid-19",69001
"1643",2021,7,20,"covid19",27118
"1644",2021,7,20,"americans",21456
"1645",2021,7,20,"democrats",14875
"1646",2021,7,21,"covid",107013
"1647",2021,7,21,"covid-19",76784
"1648",2021,7,21,"covid19",28917
"1649",2021,7,21,"democrats",24038
"1650",2021,7,21,"americans",20230
"1651",2021,7,22,"covid",84943
"1652",2021,7,22,"covid-19",68819
"1653",2021,7,22,"covid19",26920
"1654",2021,7,22,"americans",19053
"1655",2021,7,22,"republicans",18377
"1656",2021,7,23,"covid-19",104260
"1657",2021,7,23,"covid",95003
"1658",2021,7,23,"covid19",24066
"1659",2021,7,23,"olympics",21840
"1660",2021,7,23,"republican",15004
"1661",2021,7,24,"covid",80853
"1662",2021,7,24,"covid-19",72036
"1663",2021,7,24,"covid19",19038
"1664",2021,7,24,"olympics",11829
"1665",2021,7,24,"pcr",11049
"1666",2021,7,25,"covid",65037
"1667",2021,7,25,"covid-19",56232
"1668",2021,7,25,"covid vaccine",16883
"1669",2021,7,25,"covid19",16717
"1670",2021,7,25,"olympics",15115
"1671",2021,7,26,"covid",81566
"1672",2021,7,26,"covid-19",67604
"1673",2021,7,26,"americans",26350
"1674",2021,7,26,"covid19",20432
"1675",2021,7,26,"thai",18964
"1676",2021,7,27,"covid",86040
"1677",2021,7,27,"covid-19",57250
"1678",2021,7,27,"covid19",31416
"1679",2021,7,27,"americans",27873
"1680",2021,7,27,"pcr",10862
"1681",2021,7,28,"covid",94680
"1682",2021,7,28,"covid-19",63289
"1683",2021,7,28,"americans",29481
"1684",2021,7,28,"covid19",22419
"1685",2021,7,28,"thai",18151
"1686",2021,7,29,"covid",94897
"1687",2021,7,29,"covid-19",71520
"1688",2021,7,29,"americans",42510
"1689",2021,7,29,"republicans",28016
"1690",2021,7,29,"covid19",27889
"1691",2021,7,30,"covid",106458
"1692",2021,7,30,"covid-19",73746
"1693",2021,7,30,"americans",43499
"1694",2021,7,30,"covid19",24586
"1695",2021,7,30,"republicans",21897
"1696",2021,8,1,"covid",93908
"1697",2021,8,1,"covid-19",54601
"1698",2021,8,1,"americans",45667
"1699",2021,8,1,"covid19",19757
"1700",2021,8,1,"democrats",16361
"1701",2021,8,2,"covid",92826
"1702",2021,8,2,"covid-19",77113
"1703",2021,8,2,"americans",28082
"1704",2021,8,2,"republican",27566
"1705",2021,8,2,"democrats",25886
"1706",2021,8,3,"covid-19",90496
"1707",2021,8,3,"covid",78267
"1708",2021,8,3,"covid19",26589
"1709",2021,8,3,"americans",24973
"1710",2021,8,3,"democrats",18533
"1711",2021,8,4,"covid",95561
"1712",2021,8,4,"covid-19",73405
"1713",2021,8,4,"delta plus",26730
"1714",2021,8,4,"covid19",23209
"1715",2021,8,4,"americans",18643
"1716",2021,8,5,"covid",109021
"1717",2021,8,5,"covid-19",102546
"1718",2021,8,5,"covid19",26751
"1719",2021,8,5,"gop",26476
"1720",2021,8,5,"americans",20157
"1721",2021,8,6,"covid",103793
"1722",2021,8,6,"covid-19",82090
"1723",2021,8,6,"covid19",25658
"1724",2021,8,6,"americans",23748
"1725",2021,8,6,"republican",21767
"1726",2021,8,8,"covid",82794
"1727",2021,8,8,"covid-19",66288
"1728",2021,8,8,"republicans",23875
"1729",2021,8,8,"gop",23134
"1730",2021,8,8,"covid19",18199
"1731",2021,8,9,"covid",104920
"1732",2021,8,9,"covid-19",90959
"1733",2021,8,9,"americans",19734
"1734",2021,8,9,"covid19",18304
"1735",2021,8,9,"republicans",15922
"1736",2021,8,10,"covid",137811
"1737",2021,8,10,"covid-19",72280
"1738",2021,8,10,"americans",19380
"1739",2021,8,10,"covid19",19345
"1740",2021,8,10,"republicans",15782
"1741",2021,8,11,"covid",89667
"1742",2021,8,11,"covid-19",71171
"1743",2021,8,11,"covid19",25234
"1744",2021,8,11,"republican",18263
"1745",2021,8,11,"americans",15311
"1746",2021,8,12,"covid",110988
"1747",2021,8,12,"covid-19",58973
"1748",2021,8,12,"covid19",21055
"1749",2021,8,12,"republican",19534
"1750",2021,8,12,"americans",19455
"1751",2021,8,13,"covid",95555
"1752",2021,8,13,"covid-19",61731
"1753",2021,8,13,"covid19",31299
"1754",2021,8,13,"americans",13616
"1755",2021,8,13,"republican",12967
"1756",2021,8,14,"covid",79080
"1757",2021,8,14,"covid-19",47255
"1758",2021,8,14,"covid19",25706
"1759",2021,8,14,"americans",15085
"1760",2021,8,14,"taliban",11707
"1761",2021,8,15,"covid",66505
"1762",2021,8,15,"covid-19",37386
"1763",2021,8,15,"taliban",20814
"1764",2021,8,15,"americans",18138
"1765",2021,8,15,"covid19",16958
"1766",2021,8,16,"covid",63095
"1767",2021,8,16,"covid-19",39398
"1768",2021,8,16,"taliban",22848
"1769",2021,8,16,"americans",21929
"1770",2021,8,16,"covid19",14715
"1771",2021,8,17,"covid",80103
"1772",2021,8,17,"covid-19",68464
"1773",2021,8,17,"americans",34557
"1774",2021,8,17,"republican",26662
"1775",2021,8,17,"hiv",20272
"1776",2021,8,18,"covid-19",94806
"1777",2021,8,18,"covid",82555
"1778",2021,8,18,"americans",46142
"1779",2021,8,18,"republican",32811
"1780",2021,8,18,"covid19",19863
"1781",2021,8,19,"covid-19",84973
"1782",2021,8,19,"covid",76723
"1783",2021,8,19,"americans",36570
"1784",2021,8,19,"republican",25567
"1785",2021,8,19,"covid19",18744
"1786",2021,8,20,"covid-19",92097
"1787",2021,8,20,"covid",81592
"1788",2021,8,20,"covid19",24874
"1789",2021,8,20,"americans",24799
"1790",2021,8,20,"republican",13363
"1791",2021,8,21,"covid",117254
"1792",2021,8,21,"covid-19",57905
"1793",2021,8,21,"americans",25808
"1794",2021,8,21,"chinese",19224
"1795",2021,8,21,"covid19",16216
"1796",2021,8,22,"covid",96978
"1797",2021,8,22,"covid-19",55397
"1798",2021,8,22,"australian",22966
"1799",2021,8,22,"americans",20003
"1800",2021,8,22,"covid19",18321
"1801",2021,8,23,"covid",107983
"1802",2021,8,23,"covid-19",92203
"1803",2021,8,23,"covid19",23545
"1804",2021,8,23,"pfizer covid-19",19484
"1805",2021,8,23,"americans",18669
"1806",2021,8,24,"covid",104899
"1807",2021,8,24,"covid-19",79971
"1808",2021,8,24,"americans",28077
"1809",2021,8,24,"covid19",18407
"1810",2021,8,24,"republicans",12771
"1811",2021,8,25,"covid",110064
"1812",2021,8,25,"covid-19",69246
"1813",2021,8,25,"americans",20635
"1814",2021,8,25,"covid19",16360
"1815",2021,8,25,"taliban",10153
"1816",2021,8,26,"covid",96362
"1817",2021,8,26,"covid-19",57241
"1818",2021,8,26,"americans",29313
"1819",2021,8,26,"covid19",16867
"1820",2021,8,26,"american",11996
"1821",2021,8,27,"covid",87149
"1822",2021,8,27,"covid-19",53577
"1823",2021,8,27,"americans",22499
"1824",2021,8,27,"republican",17130
"1825",2021,8,27,"covid19",14788
